Workbook

Sheet BanTraiCay
A1: ma_hdb | B1: ngay_ban | C1: ma_tc | D1: so_kg | E1: ten_trai_cay | F1: gia_moi_kg | G1: tien_hang
A2: HDB001 | B2: 2026-07-01 | C2: TC04 | D2: 5 | E2: =VLOOKUP(C2,TraiCay!$A$1:$C$8,2,FALSE) -> Tao My | F2: =VLOOKUP(C2,TraiCay!$A$1:$C$8,3,FALSE) -> 90000 | G2: =D2*F2 -> 450000
A3: HDB002 | B3: 2026-07-02 | C3: TC02 | D3: 4 | E3: =VLOOKUP(C3,TraiCay!$A$1:$C$8,2,FALSE) -> Xoai cat | F3: =VLOOKUP(C3,TraiCay!$A$1:$C$8,3,FALSE) -> 60000 | G3: =D3*F3 -> 240000
A4: HDB003 | B4: 2026-07-03 | C4: TC05 | D4: 5 | E4: =VLOOKUP(C4,TraiCay!$A$1:$C$8,2,FALSE) -> Buoi da xanh | F4: =VLOOKUP(C4,TraiCay!$A$1:$C$8,3,FALSE) -> 50000 | G4: =D4*F4 -> 250000
A5: HDB004 | B5: 2026-07-04 | C5: TC07 | D5: 2 | E5: =VLOOKUP(C5,TraiCay!$A$1:$C$8,2,FALSE) -> Dua hau | F5: =VLOOKUP(C5,TraiCay!$A$1:$C$8,3,FALSE) -> 20000 | G5: =D5*F5 -> 40000
A6: HDB005 | B6: 2026-07-05 | C6: TC02 | D6: 2 | E6: =VLOOKUP(C6,TraiCay!$A$1:$C$8,2,FALSE) -> Xoai cat | F6: =VLOOKUP(C6,TraiCay!$A$1:$C$8,3,FALSE) -> 60000 | G6: =D6*F6 -> 120000
A7: HDB006 | B7: 2026-07-06 | C7: TC07 | D7: 2 | E7: =VLOOKUP(C7,TraiCay!$A$1:$C$8,2,FALSE) -> Dua hau | F7: =VLOOKUP(C7,TraiCay!$A$1:$C$8,3,FALSE) -> 20000 | G7: =D7*F7 -> 40000
A8: HDB007 | B8: 2026-07-07 | C8: TC06 | D8: 5 | E8: =VLOOKUP(C8,TraiCay!$A$1:$C$8,2,FALSE) -> Le Han Quoc | F8: =VLOOKUP(C8,TraiCay!$A$1:$C$8,3,FALSE) -> 80000 | G8: =D8*F8 -> 400000
A9: HDB008 | B9: 2026-07-08 | C9: TC02 | D9: 5 | E9: =VLOOKUP(C9,TraiCay!$A$1:$C$8,2,FALSE) -> Xoai cat | F9: =VLOOKUP(C9,TraiCay!$A$1:$C$8,3,FALSE) -> 60000 | G9: =D9*F9 -> 300000
A10: HDB009 | B10: 2026-07-09 | C10: TC02 | D10: 1 | E10: =VLOOKUP(C10,TraiCay!$A$1:$C$8,2,FALSE) -> Xoai cat | F10: =VLOOKUP(C10,TraiCay!$A$1:$C$8,3,FALSE) -> 60000 | G10: =D10*F10 -> 60000
A11: HDB010 | B11: 2026-07-10 | C11: TC06 | D11: 5 | E11: =VLOOKUP(C11,TraiCay!$A$1:$C$8,2,FALSE) -> Le Han Quoc | F11: =VLOOKUP(C11,TraiCay!$A$1:$C$8,3,FALSE) -> 80000 | G11: =D11*F11 -> 400000
A12: HDB011 | B12: 2026-07-11 | C12: TC05 | D12: 3 | E12: =VLOOKUP(C12,TraiCay!$A$1:$C$8,2,FALSE) -> Buoi da xanh | F12: =VLOOKUP(C12,TraiCay!$A$1:$C$8,3,FALSE) -> 50000 | G12: =D12*F12 -> 150000
A13: HDB012 | B13: 2026-07-12 | C13: TC07 | D13: 1 | E13: =VLOOKUP(C13,TraiCay!$A$1:$C$8,2,FALSE) -> Dua hau | F13: =VLOOKUP(C13,TraiCay!$A$1:$C$8,3,FALSE) -> 20000 | G13: =D13*F13 -> 20000
... A16: HDB015 | B16: 2026-07-15 | C16: TC01 | D16: 2 | E16: =VLOOKUP(C16,TraiCay!$A$1:$C$8,2,FALSE) -> Cam sanh | F16: =VLOOKUP(C16,TraiCay!$A$1:$C$8,3,FALSE) -> 35000 | G16: =D16*F16 -> 70000

Sheet TraiCay
A1: ma_tc | B1: ten_trai_cay | C1: gia_moi_kg
A2: TC01 | B2: Cam sanh | C2: 35000
A3: TC02 | B3: Xoai cat | C3: 60000
A4: TC03 | B4: Nho xanh | C4: 120000
A5: TC04 | B5: Tao My | C5: 90000
A6: TC05 | B6: Buoi da xanh | C6: 50000
A7: TC06 | B7: Le Han Quoc | C7: 80000
A8: TC07 | B8: Dua hau | C8: 20000
